model,K,num_latent_factors,alg,scaling_value,sigma,preproc_time,comp_time
fexipro-paper-KDD-50,1,50,SI,100,0.7,9.003606,798.819060
fexipro-paper-KDD-50,1,50,SI,127,0.8,8.996532,849.200458
fexipro-paper-KDD-50,1,50,SIR,100,0.7,9.565091,816.354584
fexipro-paper-KDD-50,1,50,SIR,127,0.8,9.295009,799.324444
fexipro-paper-KDD-50,10,50,SI,100,0.7,9.080342,2918.256377
fexipro-paper-KDD-50,10,50,SI,127,0.8,8.885145,3225.871379
fexipro-paper-KDD-50,10,50,SIR,100,0.7,9.314674,3142.003224
fexipro-paper-KDD-50,10,50,SIR,127,0.8,9.288298,3109.504500
fexipro-paper-KDD-50,5,50,SI,100,0.7,9.230209,2119.045556
fexipro-paper-KDD-50,5,50,SI,127,0.8,8.965814,2221.653615
fexipro-paper-KDD-50,5,50,SIR,100,0.7,9.331297,2168.111090
fexipro-paper-KDD-50,5,50,SIR,127,0.8,9.406265,2140.786816
fexipro-paper-KDD-50,50,50,SI,100,0.7,9.006222,6747.477984
fexipro-paper-KDD-50,50,50,SI,127,0.8,8.926263,7334.770940
fexipro-paper-KDD-50,50,50,SIR,100,0.7,9.528218,7500.551334
fexipro-paper-KDD-50,50,50,SIR,127,0.8,9.382911,7083.754646
fexipro-paper-Netflix-50,1,50,SI,100,0.7,0.148807,101.942296
fexipro-paper-Netflix-50,1,50,SI,127,0.8,0.101224,85.165645
fexipro-paper-Netflix-50,1,50,SIR,100,0.7,0.132109,114.246917
fexipro-paper-Netflix-50,1,50,SIR,127,0.8,0.131928,94.838765
fexipro-paper-Netflix-50,10,50,SI,100,0.7,0.125234,150.155232
fexipro-paper-Netflix-50,10,50,SI,127,0.8,0.124569,132.420619
fexipro-paper-Netflix-50,10,50,SIR,100,0.7,0.133577,174.069093
fexipro-paper-Netflix-50,10,50,SIR,127,0.8,0.131278,141.481212
fexipro-paper-Netflix-50,5,50,SI,100,0.7,0.118516,137.027859
fexipro-paper-Netflix-50,5,50,SI,127,0.8,0.120163,112.182589
fexipro-paper-Netflix-50,5,50,SIR,100,0.7,0.206824,152.714345
fexipro-paper-Netflix-50,5,50,SIR,127,0.8,0.134218,123.307285
fexipro-paper-Netflix-50,50,50,SI,100,0.7,0.123785,204.037720
fexipro-paper-Netflix-50,50,50,SI,127,0.8,0.097749,180.665833
fexipro-paper-Netflix-50,50,50,SIR,100,0.7,0.132550,261.127493
fexipro-paper-Netflix-50,50,50,SIR,127,0.8,0.096838,206.939952
lemp-paper-KDD-50,1,51,SI,127,0.8,9.053213,5603.059001
lemp-paper-KDD-50,1,51,SIR,127,0.8,9.544213,57291.416243
lemp-paper-KDD-50,10,51,SI,127,0.8,14.640776,22281.040010
lemp-paper-KDD-50,10,51,SIR,127,0.8,15.606425,182987.261353
lemp-paper-KDD-50,5,51,SI,127,0.8,8.961710,9372.709199
lemp-paper-KDD-50,5,51,SIR,127,0.8,9.484643,101447.098399
lemp-paper-KDD-50,50,51,SI,127,0.8,9.016165,19607.231870
lemp-paper-KDD-50,50,51,SIR,127,0.8,9.395411,114371.404830
lemp-paper-Netflix-50,1,50,SI,127,0.8,0.117441,60.445736
lemp-paper-Netflix-50,1,50,SIR,127,0.8,0.128976,56.470246
lemp-paper-Netflix-50,10,50,SI,127,0.8,0.105661,99.873490
lemp-paper-Netflix-50,10,50,SIR,127,0.8,0.124630,96.237115
lemp-paper-Netflix-50,5,50,SI,127,0.8,0.115003,83.165325
lemp-paper-Netflix-50,5,50,SIR,127,0.8,0.125082,78.782671
lemp-paper-Netflix-50,50,50,SI,127,0.8,0.115280,163.903445
lemp-paper-Netflix-50,50,50,SIR,127,0.8,0.130910,159.223882
lemp-paper-Netflix-noav-10,1,10,SI,127,0.8,0.029533,12.668358
lemp-paper-Netflix-noav-10,1,10,SIR,127,0.8,0.037980,15.566381
lemp-paper-Netflix-noav-10,10,10,SI,127,0.8,0.030897,22.280924
lemp-paper-Netflix-noav-10,10,10,SIR,127,0.8,0.033876,26.945635
lemp-paper-Netflix-noav-10,5,10,SI,127,0.8,0.031862,18.009804
lemp-paper-Netflix-noav-10,5,10,SIR,127,0.8,0.033561,21.999216
lemp-paper-Netflix-noav-10,50,10,SI,127,0.8,0.027855,41.997117
lemp-paper-Netflix-noav-10,50,10,SIR,127,0.8,0.034261,49.821838
lemp-paper-Netflix-noav-100,1,100,SI,127,0.8,0.242447,625.109763
lemp-paper-Netflix-noav-100,1,100,SIR,127,0.8,0.247725,607.235382
lemp-paper-Netflix-noav-100,10,100,SI,127,0.8,0.242835,777.327286
lemp-paper-Netflix-noav-100,10,100,SIR,127,0.8,0.253559,788.365792
lemp-paper-Netflix-noav-100,5,100,SI,127,0.8,0.241189,716.187550
lemp-paper-Netflix-noav-100,5,100,SIR,127,0.8,0.248770,728.618402
lemp-paper-Netflix-noav-100,50,100,SI,127,0.8,0.235121,902.668952
lemp-paper-Netflix-noav-100,50,100,SIR,127,0.8,0.247019,958.016973
lemp-paper-Netflix-noav-50,1,50,SI,127,0.8,0.108057,162.321395
lemp-paper-Netflix-noav-50,1,50,SIR,127,0.8,0.111630,168.692022
lemp-paper-Netflix-noav-50,10,50,SI,127,0.8,0.104205,232.260515
lemp-paper-Netflix-noav-50,10,50,SIR,127,0.8,0.114020,250.357436
lemp-paper-Netflix-noav-50,5,50,SI,127,0.8,0.110086,205.670632
lemp-paper-Netflix-noav-50,5,50,SIR,127,0.8,0.110940,218.562949
lemp-paper-Netflix-noav-50,50,50,SI,127,0.8,0.108717,313.937664
lemp-paper-Netflix-noav-50,50,50,SIR,127,0.8,0.118735,349.443108
nomad-KDD-10-reg-1,1,10,SI,127,0.8,1.189189,422.181067
nomad-KDD-10-reg-1,1,10,SIR,127,0.8,1.343603,489.265582
nomad-KDD-10-reg-1,10,10,SI,127,0.8,1.197211,1156.273591
nomad-KDD-10-reg-1,10,10,SIR,127,0.8,1.230126,1368.840864
nomad-KDD-10-reg-1,5,10,SI,127,0.8,1.196146,864.227734
nomad-KDD-10-reg-1,5,10,SIR,127,0.8,1.248817,1031.011429
nomad-KDD-10-reg-1,50,10,SI,127,0.8,1.196475,2338.455289
nomad-KDD-10-reg-1,50,10,SIR,127,0.8,1.337419,2817.466826
nomad-KDD-100-reg-1,1,100,SI,127,0.8,37.271242,53047.307220
nomad-KDD-100-reg-1,1,100,SIR,127,0.8,26.283063,27187.912186
nomad-KDD-100-reg-1,10,100,SI,127,0.8,37.525010,51634.914551
nomad-KDD-100-reg-1,10,100,SIR,127,0.8,24.334252,36608.012367
nomad-KDD-100-reg-1,5,100,SI,127,0.8,25.440700,38252.013110
nomad-KDD-100-reg-1,5,100,SIR,127,0.8,27.095344,45908.497957
nomad-KDD-100-reg-1,50,100,SI,127,0.8,23.600321,53800.855490
nomad-KDD-100-reg-1,50,100,SIR,127,0.8,43.297618,47669.436821
nomad-KDD-25-reg-0.001,1,25,SI,127,0.8,3.761629,7741.488144
nomad-KDD-25-reg-0.001,1,25,SIR,127,0.8,3.752921,6796.683661
nomad-KDD-25-reg-0.001,10,25,SI,127,0.8,3.460966,12920.761071
nomad-KDD-25-reg-0.001,10,25,SIR,127,0.8,4.116457,13371.197376
nomad-KDD-25-reg-0.001,5,25,SI,127,0.8,3.497443,11542.301962
nomad-KDD-25-reg-0.001,5,25,SIR,127,0.8,3.817295,9822.133839
nomad-KDD-25-reg-0.001,50,25,SI,127,0.8,3.665936,17650.701580
nomad-KDD-25-reg-0.001,50,25,SIR,127,0.8,3.803556,15466.411869
nomad-KDD-50-reg-1,1,50,SI,127,0.8,8.903303,16639.654838
nomad-KDD-50-reg-1,1,50,SIR,127,0.8,9.307966,16904.039679
nomad-KDD-50-reg-1,10,50,SI,127,0.8,8.951743,25786.475206
nomad-KDD-50-reg-1,10,50,SIR,127,0.8,9.379321,26091.028374
nomad-KDD-50-reg-1,5,50,SI,127,0.8,8.901709,23074.991430
nomad-KDD-50-reg-1,5,50,SIR,127,0.8,9.337499,23463.187319
nomad-KDD-50-reg-1,50,50,SI,127,0.8,9.902016,54979.474616
nomad-KDD-50-reg-1,50,50,SIR,127,0.8,10.414483,59610.910745
nomad-Netflix-10-reg-0.05,1,10,SI,127,0.8,0.040350,13.974545
nomad-Netflix-10-reg-0.05,1,10,SIR,127,0.8,0.041935,16.688876
nomad-Netflix-10-reg-0.05,10,10,SI,127,0.8,0.034801,26.011962
nomad-Netflix-10-reg-0.05,10,10,SIR,127,0.8,0.042769,30.241952
nomad-Netflix-10-reg-0.05,5,10,SI,127,0.8,0.034192,21.009463
nomad-Netflix-10-reg-0.05,5,10,SIR,127,0.8,0.052210,26.185127
nomad-Netflix-10-reg-0.05,50,10,SI,127,0.8,0.037627,47.153551
nomad-Netflix-10-reg-0.05,50,10,SIR,127,0.8,0.046755,54.665786
nomad-Netflix-100-reg-0.0005,1,100,SI,127,0.8,0.284245,914.793735
nomad-Netflix-100-reg-0.0005,1,100,SIR,127,0.8,0.317535,733.208141
nomad-Netflix-100-reg-0.0005,10,100,SI,127,0.8,0.283485,1113.198602
nomad-Netflix-100-reg-0.0005,10,100,SIR,127,0.8,0.317714,918.592962
nomad-Netflix-100-reg-0.0005,5,100,SI,127,0.8,0.272469,1048.871481
nomad-Netflix-100-reg-0.0005,5,100,SIR,127,0.8,0.307814,846.412212
nomad-Netflix-100-reg-0.0005,50,100,SIR,127,0.8,0.316488,1137.137014
nomad-Netflix-100-reg-0.005,1,100,SI,127,0.8,0.271117,1107.778645
nomad-Netflix-100-reg-0.005,1,100,SIR,127,0.8,0.242721,809.170604
nomad-Netflix-100-reg-0.005,10,100,SI,127,0.8,0.231901,1197.389997
nomad-Netflix-100-reg-0.005,10,100,SIR,127,0.8,0.253026,986.525810
nomad-Netflix-100-reg-0.005,5,100,SI,127,0.8,0.251926,1220.383316
nomad-Netflix-100-reg-0.005,5,100,SIR,127,0.8,0.251373,955.469396
nomad-Netflix-100-reg-0.005,50,100,SI,127,0.8,0.250477,1334.987702
nomad-Netflix-100-reg-0.005,50,100,SIR,127,0.8,0.259358,1206.667545
nomad-Netflix-100-reg-0.05,1,100,SI,127,0.8,0.239092,288.899753
nomad-Netflix-100-reg-0.05,1,100,SIR,127,0.8,0.253615,346.108701
nomad-Netflix-100-reg-0.05,10,100,SI,127,0.8,0.253742,385.919646
nomad-Netflix-100-reg-0.05,10,100,SIR,127,0.8,0.255890,462.814415
nomad-Netflix-100-reg-0.05,5,100,SI,127,0.8,0.241425,364.690826
nomad-Netflix-100-reg-0.05,5,100,SIR,127,0.8,0.246193,422.191716
nomad-Netflix-100-reg-0.05,50,100,SI,127,0.8,0.251248,502.981344
nomad-Netflix-100-reg-0.05,50,100,SIR,127,0.8,0.255675,607.874498
nomad-Netflix-100-reg-0.5,1,100,SI,127,0.8,0.229401,7.838413
nomad-Netflix-100-reg-0.5,1,100,SIR,127,0.8,0.234860,8.344938
nomad-Netflix-100-reg-0.5,10,100,SI,127,0.8,0.209178,8.533429
nomad-Netflix-100-reg-0.5,10,100,SIR,127,0.8,0.239881,9.067972
nomad-Netflix-100-reg-0.5,5,100,SI,127,0.8,0.231600,8.154018
nomad-Netflix-100-reg-0.5,5,100,SIR,127,0.8,0.226635,8.652155
nomad-Netflix-100-reg-0.5,50,100,SI,127,0.8,0.219381,11.798889
nomad-Netflix-100-reg-0.5,50,100,SIR,127,0.8,0.226508,12.297047
nomad-Netflix-25-reg-0.0005,1,25,SI,127,0.800000,0.057127,176.957118
nomad-Netflix-25-reg-0.0005,1,25,SIR,127,0.800000,0.064997,168.860047
nomad-Netflix-25-reg-0.005,1,25,SI,127,0.800000,0.062147,171.641446
nomad-Netflix-25-reg-0.005,1,25,SIR,127,0.800000,0.062814,164.346200
nomad-Netflix-25-reg-0.05,1,25,SI,127,0.8,0.047548,73.760445
nomad-Netflix-25-reg-0.05,1,25,SI,127,0.800000,0.068433,71.910119
nomad-Netflix-25-reg-0.05,1,25,SIR,127,0.8,0.081350,80.812551
nomad-Netflix-25-reg-0.05,1,25,SIR,127,0.800000,0.069997,80.936524
nomad-Netflix-25-reg-0.05,10,25,SI,127,0.8,0.074151,107.839616
nomad-Netflix-25-reg-0.05,10,25,SIR,127,0.8,0.070484,125.162477
nomad-Netflix-25-reg-0.05,5,25,SI,127,0.8,0.050553,94.116506
nomad-Netflix-25-reg-0.05,5,25,SIR,127,0.8,0.055122,107.424149
nomad-Netflix-25-reg-0.05,50,25,SI,127,0.8,0.051822,155.681424
nomad-Netflix-25-reg-0.05,50,25,SIR,127,0.8,0.055322,179.553778
nomad-Netflix-25-reg-0.5,1,25,SI,127,0.800000,0.061891,0.429856
nomad-Netflix-25-reg-0.5,1,25,SIR,127,0.800000,0.062156,0.587129
nomad-Netflix-50-reg-0.0005,1,50,SI,127,0.8,0.134285,346.761525
nomad-Netflix-50-reg-0.0005,1,50,SIR,127,0.8,0.142664,301.067860
nomad-Netflix-50-reg-0.0005,10,50,SI,127,0.8,0.137957,429.095198
nomad-Netflix-50-reg-0.0005,10,50,SIR,127,0.8,0.145164,368.323903
nomad-Netflix-50-reg-0.0005,5,50,SI,127,0.8,0.137083,427.612570
nomad-Netflix-50-reg-0.0005,5,50,SIR,127,0.8,0.146011,341.410895
nomad-Netflix-50-reg-0.0005,50,50,SI,127,0.8,0.136419,529.734330
nomad-Netflix-50-reg-0.0005,50,50,SIR,127,0.8,0.102844,464.892731
nomad-Netflix-50-reg-0.005,1,50,SI,127,0.8,0.139747,381.056722
nomad-Netflix-50-reg-0.005,1,50,SIR,127,0.8,0.144852,315.657996
nomad-Netflix-50-reg-0.005,10,50,SI,127,0.8,0.137796,462.543035
nomad-Netflix-50-reg-0.005,10,50,SIR,127,0.8,0.144581,399.444492
nomad-Netflix-50-reg-0.005,5,50,SI,127,0.8,0.138301,432.819750
nomad-Netflix-50-reg-0.005,5,50,SIR,127,0.8,0.146098,370.039586
nomad-Netflix-50-reg-0.005,50,50,SI,127,0.8,0.140443,554.581639
nomad-Netflix-50-reg-0.005,50,50,SIR,127,0.8,0.144049,495.740016
nomad-Netflix-50-reg-0.05,1,50,SI,127,0.8,0.103579,164.497839
nomad-Netflix-50-reg-0.05,1,50,SIR,127,0.8,0.109363,164.284716
nomad-Netflix-50-reg-0.05,10,50,SI,127,0.8,0.093782,222.283193
nomad-Netflix-50-reg-0.05,10,50,SIR,127,0.8,0.095806,230.382737
nomad-Netflix-50-reg-0.05,5,50,SI,127,0.8,0.105442,200.455157
nomad-Netflix-50-reg-0.05,5,50,SIR,127,0.8,0.113263,205.015500
nomad-Netflix-50-reg-0.05,50,50,SI,127,0.8,0.108427,297.389185
nomad-Netflix-50-reg-0.05,50,50,SIR,127,0.8,0.117494,319.582798
nomad-Netflix-50-reg-0.5,1,50,SI,127,0.8,0.137034,1.876837
nomad-Netflix-50-reg-0.5,1,50,SIR,127,0.8,0.147512,2.107586
nomad-Netflix-50-reg-0.5,10,50,SI,127,0.8,0.133881,2.150828
nomad-Netflix-50-reg-0.5,10,50,SIR,127,0.8,0.146180,2.416907
nomad-Netflix-50-reg-0.5,5,50,SI,127,0.8,0.136173,1.979975
nomad-Netflix-50-reg-0.5,5,50,SIR,127,0.8,0.149942,2.212371
nomad-Netflix-50-reg-0.5,50,50,SI,127,0.8,0.136276,3.778712
nomad-Netflix-50-reg-0.5,50,50,SIR,127,0.8,0.146380,4.012078
nomad-R2-10-reg-0.001,1,10,SI,127,0.8,0.188290,92.476989
nomad-R2-10-reg-0.001,1,10,SIR,127,0.8,0.203530,125.601409
nomad-R2-10-reg-0.001,10,10,SI,127,0.8,0.189272,160.452141
nomad-R2-10-reg-0.001,10,10,SIR,127,0.8,0.228418,226.276040
nomad-R2-10-reg-0.001,5,10,SI,127,0.8,0.189878,130.466138
nomad-R2-10-reg-0.001,5,10,SIR,127,0.8,0.219272,181.935751
nomad-R2-10-reg-0.001,50,10,SI,127,0.8,0.186543,285.650318
nomad-R2-10-reg-0.001,50,10,SIR,127,0.8,0.219537,401.032885
nomad-R2-100-reg-0,1,100,SI,100,0.700000,3.588334,427.989110
nomad-R2-100-reg-0,1,100,SI,127,0.800000,3.605618,691.097230
nomad-R2-100-reg-0,1,100,SIR,100,0.700000,3.758056,692.194006
nomad-R2-100-reg-0,1,100,SIR,127,0.800000,3.733000,865.777013
nomad-R2-100-reg-0,10,100,SI,100,0.700000,3.573951,642.098404
nomad-R2-100-reg-0,10,100,SI,127,0.800000,3.582971,989.066221
nomad-R2-100-reg-0,10,100,SIR,100,0.700000,3.728135,1017.864706
nomad-R2-100-reg-0,10,100,SIR,127,0.800000,3.737014,1248.305744
nomad-R2-100-reg-0,5,100,SI,100,0.700000,3.579764,554.173640
nomad-R2-100-reg-0,5,100,SI,127,0.800000,3.613173,863.176083
nomad-R2-100-reg-0,5,100,SIR,100,0.700000,3.755919,877.910312
nomad-R2-100-reg-0,5,100,SIR,127,0.800000,3.729354,1072.819810
nomad-R2-100-reg-0,50,100,SI,100,0.700000,3.585594,1124.908153
nomad-R2-100-reg-0,50,100,SI,127,0.800000,3.629902,1582.739364
nomad-R2-100-reg-0,50,100,SIR,100,0.700000,3.763006,1691.460643
nomad-R2-100-reg-0,50,100,SIR,127,0.800000,3.748303,1994.731854
nomad-R2-100-reg-0.0000001,1,100,SI,127,0.800000,3.609335,665.450996
nomad-R2-100-reg-0.0000001,1,100,SIR,127,0.800000,3.913335,850.272360
nomad-R2-100-reg-0.000001,1,100,SI,127,0.800000,3.582799,620.408923
nomad-R2-100-reg-0.000001,1,100,SIR,127,0.800000,3.785299,787.186758
nomad-R2-100-reg-0.00001,1,100,SI,127,0.800000,3.592197,648.878994
nomad-R2-100-reg-0.00001,1,100,SIR,127,0.800000,3.792354,818.679077
nomad-R2-100-reg-0.0001,1,100,SI,127,0.8,4.749381,579.908832
nomad-R2-100-reg-0.0001,1,100,SIR,127,0.8,3.754677,724.937098
nomad-R2-100-reg-0.0001,10,100,SI,127,0.8,3.586114,777.325488
nomad-R2-100-reg-0.0001,10,100,SIR,127,0.8,5.565636,980.635841
nomad-R2-100-reg-0.0001,5,100,SI,127,0.8,3.684879,706.916265
nomad-R2-100-reg-0.0001,5,100,SIR,127,0.8,3.884997,874.313542
nomad-R2-100-reg-0.0001,50,100,SI,127,0.8,3.596765,1266.972091
nomad-R2-100-reg-0.0001,50,100,SIR,127,0.8,3.787484,1579.387130
nomad-R2-100-reg-0.001,1,100,SI,127,0.8,3.599462,43.939085
nomad-R2-100-reg-0.001,1,100,SI,127,0.8,3.608433,44.125424
nomad-R2-100-reg-0.001,1,100,SIR,127,0.8,3.757856,46.802010
nomad-R2-100-reg-0.001,1,100,SIR,127,0.8,4.329771,47.360921
nomad-R2-100-reg-0.001,10,100,SI,127,0.8,3.600352,64.274735
nomad-R2-100-reg-0.001,10,100,SI,127,0.8,3.835270,63.928760
nomad-R2-100-reg-0.001,10,100,SIR,127,0.8,3.789089,70.028584
nomad-R2-100-reg-0.001,10,100,SIR,127,0.8,3.972453,70.928262
nomad-R2-100-reg-0.001,5,100,SI,127,0.8,3.589487,51.982011
nomad-R2-100-reg-0.001,5,100,SI,127,0.8,3.608528,51.863472
nomad-R2-100-reg-0.001,5,100,SIR,127,0.8,3.795535,56.975973
nomad-R2-100-reg-0.001,5,100,SIR,127,0.8,5.419458,56.776740
nomad-R2-100-reg-0.001,50,100,SI,127,0.8,3.628532,157.815238
nomad-R2-100-reg-0.001,50,100,SI,127,0.8,3.833743,171.938987
nomad-R2-100-reg-0.001,50,100,SIR,127,0.8,3.748093,179.569157
nomad-R2-100-reg-0.001,50,100,SIR,127,0.8,3.752606,178.686951
nomad-R2-100-reg-0.01,1,100,SI,127,0.8,3.663252,41.335596
nomad-R2-100-reg-0.01,1,100,SI,127,0.8,3.865375,41.704858
nomad-R2-100-reg-0.01,1,100,SIR,127,0.8,3.879801,46.416672
nomad-R2-100-reg-0.01,1,100,SIR,127,0.8,4.081832,44.207157
nomad-R2-100-reg-0.01,10,100,SI,127,0.8,3.729210,70.097528
nomad-R2-100-reg-0.01,10,100,SI,127,0.8,3.801881,67.294757
nomad-R2-100-reg-0.01,10,100,SIR,127,0.8,3.821348,74.229925
nomad-R2-100-reg-0.01,10,100,SIR,127,0.8,4.633525,72.896633
nomad-R2-100-reg-0.01,5,100,SI,127,0.8,3.596016,55.586935
nomad-R2-100-reg-0.01,5,100,SI,127,0.8,3.656890,54.894350
nomad-R2-100-reg-0.01,5,100,SIR,127,0.8,3.805019,61.225832
nomad-R2-100-reg-0.01,5,100,SIR,127,0.8,3.835388,60.053844
nomad-R2-100-reg-0.01,50,100,SI,127,0.8,3.593342,157.256588
nomad-R2-100-reg-0.01,50,100,SI,127,0.8,3.653176,156.947462
nomad-R2-100-reg-0.01,50,100,SIR,127,0.8,3.756277,174.123244
nomad-R2-100-reg-0.01,50,100,SIR,127,0.8,3.807654,178.412279
nomad-R2-100-reg-0.1,1,100,SI,127,0.8,6.777086,34.493177
nomad-R2-100-reg-0.1,1,100,SIR,127,0.8,3.787438,36.427826
nomad-R2-100-reg-0.1,10,100,SI,127,0.8,3.635271,51.114684
nomad-R2-100-reg-0.1,10,100,SIR,127,0.8,3.756691,54.671687
nomad-R2-100-reg-0.1,5,100,SI,127,0.8,5.142795,41.324881
nomad-R2-100-reg-0.1,5,100,SIR,127,0.8,4.307778,44.197289
nomad-R2-100-reg-0.1,50,100,SI,127,0.8,3.584757,121.346412
nomad-R2-100-reg-0.1,50,100,SIR,127,0.8,3.805528,137.049699
nomad-R2-100-reg-1,1,100,SI,127,0.8,3.573626,55.488583
nomad-R2-100-reg-1,1,100,SIR,127,0.8,5.557931,68.740380
nomad-R2-100-reg-1,10,100,SI,127,0.8,3.837889,91.453394
nomad-R2-100-reg-1,10,100,SIR,127,0.8,4.039585,120.314343
nomad-R2-100-reg-1,5,100,SI,127,0.8,6.255988,73.386311
nomad-R2-100-reg-1,5,100,SIR,127,0.8,8.063796,94.669678
nomad-R2-100-reg-1,50,100,SI,127,0.8,5.598947,177.359317
nomad-R2-100-reg-1,50,100,SIR,127,0.8,5.290104,237.944218
nomad-R2-25-reg-0,1,25,SI,127,0.800000,0.418789,220.491019
nomad-R2-25-reg-0,1,25,SIR,127,0.800000,0.427173,362.092456
nomad-R2-25-reg-0.0000001,1,25,SI,127,0.800000,0.390226,225.880411
nomad-R2-25-reg-0.0000001,1,25,SIR,127,0.800000,0.478919,374.070498
nomad-R2-25-reg-0.000001,1,25,SI,127,0.800000,0.417620,225.947208
nomad-R2-25-reg-0.000001,1,25,SIR,127,0.800000,0.484920,370.667796
nomad-R2-25-reg-0.00001,1,25,SI,127,0.800000,0.391259,215.953287
nomad-R2-25-reg-0.00001,1,25,SIR,127,0.800000,0.427412,361.940087
nomad-R2-25-reg-0.0001,1,25,SI,127,0.800000,0.380810,224.028477
nomad-R2-25-reg-0.0001,1,25,SIR,127,0.800000,0.494417,374.010609
nomad-R2-25-reg-0.001,1,25,SI,127,0.8,0.409499,266.618621
nomad-R2-25-reg-0.001,1,25,SIR,127,0.8,0.430249,428.077604
nomad-R2-25-reg-0.001,10,25,SI,127,0.8,0.416303,394.137882
nomad-R2-25-reg-0.001,10,25,SIR,127,0.8,0.481118,631.615962
nomad-R2-25-reg-0.001,5,25,SI,127,0.8,0.380865,340.455438
nomad-R2-25-reg-0.001,5,25,SIR,127,0.8,0.490791,548.591605
nomad-R2-25-reg-0.001,50,25,SI,127,0.8,0.426862,620.068406
nomad-R2-25-reg-0.001,50,25,SIR,127,0.8,0.452635,982.201676
nomad-R2-25-reg-0.01,1,25,SI,127,0.800000,0.399995,89.095923
nomad-R2-25-reg-0.01,1,25,SIR,127,0.800000,0.497335,128.411750
nomad-R2-50-reg-0,1,50,SI,127,0.800000,0.983915,514.087794
nomad-R2-50-reg-0,1,50,SIR,127,0.800000,1.237432,690.156970
nomad-R2-50-reg-0.0000001,1,50,SI,127,0.800000,0.997368,505.932026
nomad-R2-50-reg-0.0000001,1,50,SIR,127,0.800000,1.239511,679.228590
nomad-R2-50-reg-0.000001,1,50,SI,100,0.700000,1.051487,338.802139
nomad-R2-50-reg-0.000001,1,50,SI,127,0.800000,1.136451,555.383433
nomad-R2-50-reg-0.000001,1,50,SIR,100,0.700000,1.075165,592.976802
nomad-R2-50-reg-0.000001,1,50,SIR,127,0.800000,1.088899,690.222428
nomad-R2-50-reg-0.000001,10,50,SI,100,0.700000,0.969354,502.463856
nomad-R2-50-reg-0.000001,10,50,SI,127,0.800000,0.987080,747.039891
nomad-R2-50-reg-0.000001,10,50,SIR,100,0.700000,1.222818,860.212290
nomad-R2-50-reg-0.000001,10,50,SIR,127,0.800000,1.085195,976.326031
nomad-R2-50-reg-0.000001,5,50,SI,100,0.700000,1.083919,432.744070
nomad-R2-50-reg-0.000001,5,50,SI,127,0.800000,1.239345,643.092239
nomad-R2-50-reg-0.000001,5,50,SIR,100,0.700000,1.194424,742.755404
nomad-R2-50-reg-0.000001,5,50,SIR,127,0.800000,1.354228,850.223836
nomad-R2-50-reg-0.000001,50,50,SI,100,0.700000,1.069438,824.231492
nomad-R2-50-reg-0.000001,50,50,SI,127,0.800000,0.990451,1165.609552
nomad-R2-50-reg-0.000001,50,50,SIR,100,0.700000,1.089018,1362.557447
nomad-R2-50-reg-0.000001,50,50,SIR,127,0.800000,1.243152,1509.104282
nomad-R2-50-reg-0.00001,1,50,SI,127,0.800000,0.988676,475.965416
nomad-R2-50-reg-0.00001,1,50,SIR,127,0.800000,1.126917,640.546333
nomad-R2-50-reg-0.0001,1,50,SI,127,0.8,1.090515,411.078684
nomad-R2-50-reg-0.0001,1,50,SIR,127,0.8,1.229250,566.291191
nomad-R2-50-reg-0.0001,10,50,SI,127,0.8,0.989826,586.715593
nomad-R2-50-reg-0.0001,10,50,SIR,127,0.8,1.234532,800.899939
nomad-R2-50-reg-0.0001,5,50,SI,127,0.8,0.952180,513.740451
nomad-R2-50-reg-0.0001,5,50,SIR,127,0.8,1.079730,696.799801
nomad-R2-50-reg-0.0001,50,50,SI,127,0.8,1.195437,998.840495
nomad-R2-50-reg-0.0001,50,50,SIR,127,0.8,1.067429,1276.409584
nomad-R2-50-reg-0.001,1,50,SI,127,0.8,0.985835,410.602284
nomad-R2-50-reg-0.001,1,50,SIR,127,0.8,1.223170,590.579761
nomad-R2-50-reg-0.001,10,50,SI,127,0.8,1.095627,594.965498
nomad-R2-50-reg-0.001,10,50,SIR,127,0.8,1.089447,832.568799
nomad-R2-50-reg-0.001,5,50,SI,127,0.8,1.085892,511.903008
nomad-R2-50-reg-0.001,5,50,SIR,127,0.8,1.094700,723.569335
nomad-R2-50-reg-0.001,50,50,SI,127,0.8,1.035101,998.079669
nomad-R2-50-reg-0.001,50,50,SIR,127,0.8,1.246425,1311.155442
nomad-R2-50-reg-0.01,1,50,SI,127,0.8,1.195987,159.619179
nomad-R2-50-reg-0.01,1,50,SIR,127,0.8,1.576609,202.953030
nomad-R2-50-reg-0.01,10,50,SI,127,0.8,0.998264,271.138660
nomad-R2-50-reg-0.01,10,50,SIR,127,0.8,1.086725,351.981704
nomad-R2-50-reg-0.01,5,50,SI,127,0.8,2.340750,221.147842
nomad-R2-50-reg-0.01,5,50,SIR,127,0.8,1.131613,285.885795
nomad-R2-50-reg-0.01,50,50,SI,127,0.8,1.487074,512.854500
nomad-R2-50-reg-0.01,50,50,SIR,127,0.8,1.868865,681.843779
nomad-R2-50-reg-0.1,1,50,SI,127,0.8,1.111356,6.994884
nomad-R2-50-reg-0.1,1,50,SIR,127,0.8,1.243849,8.441330
nomad-R2-50-reg-0.1,10,50,SI,127,0.8,1.012004,9.200747
nomad-R2-50-reg-0.1,10,50,SIR,127,0.8,1.085455,11.797247
nomad-R2-50-reg-0.1,5,50,SI,127,0.8,1.597826,7.671341
nomad-R2-50-reg-0.1,5,50,SIR,127,0.8,2.006466,9.421244
nomad-R2-50-reg-0.1,50,50,SI,127,0.8,1.079320,20.053743
nomad-R2-50-reg-0.1,50,50,SIR,127,0.8,1.604736,26.689196
nomad-R2-50-reg-1,1,50,SI,127,0.8,0.953871,8.072825
nomad-R2-50-reg-1,1,50,SIR,127,0.8,1.385728,10.073100
nomad-R2-50-reg-1,10,50,SI,127,0.8,2.319162,11.331384
nomad-R2-50-reg-1,10,50,SIR,127,0.8,2.401783,14.412974
nomad-R2-50-reg-1,5,50,SI,127,0.8,1.520182,8.927882
nomad-R2-50-reg-1,5,50,SIR,127,0.8,2.045996,11.556048
nomad-R2-50-reg-1,50,50,SI,127,0.8,0.986716,23.541820
nomad-R2-50-reg-1,50,50,SIR,127,0.8,1.856927,29.570257
